scenario;region;year;technology;min;mean;max
frozen;AFR;2020;sulfidic tailings - backfill;5.000e-02;5.000e-02;5.000e-02
frozen;AFR;2050;sulfidic tailings - backfill;5.000e-02;5.000e-02;5.000e-02
frozen;APAC;2020;sulfidic tailings - backfill;1.000e-01;1.000e-01;1.000e-01
frozen;APAC;2050;sulfidic tailings - backfill;1.000e-01;1.000e-01;1.000e-01
frozen;EUR;2020;sulfidic tailings - backfill;1.500e-01;1.500e-01;1.500e-01
frozen;EUR;2050;sulfidic tailings - backfill;1.500e-01;1.500e-01;1.500e-01
frozen;GLO;2020;sulfidic tailings - backfill;1.000e-01;1.000e-01;1.000e-01
frozen;GLO;2050;sulfidic tailings - backfill;1.000e-01;1.000e-01;1.000e-01
frozen;LATAM;2020;sulfidic tailings - backfill;5.000e-02;5.000e-02;5.000e-02
frozen;LATAM;2050;sulfidic tailings - backfill;5.000e-02;5.000e-02;5.000e-02
frozen;NAM;2020;sulfidic tailings - backfill;1.500e-01;1.500e-01;1.500e-01
frozen;NAM;2050;sulfidic tailings - backfill;1.500e-01;1.500e-01;1.500e-01
frozen;AFR;2020;sulfidic tailings - flocculation;4.000e-02;4.000e-02;4.000e-02
frozen;AFR;2050;sulfidic tailings - flocculation;4.000e-02;4.000e-02;4.000e-02
frozen;APAC;2020;sulfidic tailings - flocculation;4.000e-02;4.000e-02;4.000e-02
frozen;APAC;2050;sulfidic tailings - flocculation;4.000e-02;4.000e-02;4.000e-02
frozen;EUR;2020;sulfidic tailings - flocculation;4.000e-02;4.000e-02;4.000e-02
frozen;EUR;2050;sulfidic tailings - flocculation;4.000e-02;4.000e-02;4.000e-02
frozen;GLO;2020;sulfidic tailings - flocculation;4.000e-02;4.000e-02;4.000e-02
frozen;GLO;2050;sulfidic tailings - flocculation;4.000e-02;4.000e-02;4.000e-02
frozen;LATAM;2020;sulfidic tailings - flocculation;4.000e-02;4.000e-02;4.000e-02
frozen;LATAM;2050;sulfidic tailings - flocculation;4.000e-02;4.000e-02;4.000e-02
frozen;NAM;2020;sulfidic tailings - flocculation;4.000e-02;4.000e-02;4.000e-02
frozen;NAM;2050;sulfidic tailings - flocculation;4.000e-02;4.000e-02;4.000e-02
frozen;AFR;2020;sulfidic tailings - impoundment;9.000e-01;9.000e-01;9.000e-01
frozen;AFR;2050;sulfidic tailings - impoundment;9.000e-01;9.000e-01;9.000e-01
frozen;APAC;2020;sulfidic tailings - impoundment;8.500e-01;8.500e-01;8.500e-01
frozen;APAC;2050;sulfidic tailings - impoundment;8.500e-01;8.500e-01;8.500e-01
frozen;EUR;2020;sulfidic tailings - impoundment;8.000e-01;8.000e-01;8.000e-01
frozen;EUR;2050;sulfidic tailings - impoundment;8.000e-01;8.000e-01;8.000e-01
frozen;GLO;2020;sulfidic tailings - impoundment;8.500e-01;8.500e-01;8.500e-01
frozen;GLO;2050;sulfidic tailings - impoundment;8.500e-01;8.500e-01;8.500e-01
frozen;LATAM;2020;sulfidic tailings - impoundment;9.000e-01;9.000e-01;9.000e-01
frozen;LATAM;2050;sulfidic tailings - impoundment;9.000e-01;9.000e-01;9.000e-01
frozen;NAM;2020;sulfidic tailings - impoundment;8.000e-01;8.000e-01;8.000e-01
frozen;NAM;2050;sulfidic tailings - impoundment;8.000e-01;8.000e-01;8.000e-01
frozen;AFR;2020;sulfidic tailings - roasting;1.000e-02;1.000e-02;1.000e-02
frozen;AFR;2050;sulfidic tailings - roasting;1.000e-02;1.000e-02;1.000e-02
frozen;APAC;2020;sulfidic tailings - roasting;1.000e-02;1.000e-02;1.000e-02
frozen;APAC;2050;sulfidic tailings - roasting;1.000e-02;1.000e-02;1.000e-02
frozen;EUR;2020;sulfidic tailings - roasting;1.000e-02;1.000e-02;1.000e-02
frozen;EUR;2050;sulfidic tailings - roasting;1.000e-02;1.000e-02;1.000e-02
frozen;GLO;2020;sulfidic tailings - roasting;1.000e-02;1.000e-02;1.000e-02
frozen;GLO;2050;sulfidic tailings - roasting;1.000e-02;1.000e-02;1.000e-02
frozen;LATAM;2020;sulfidic tailings - roasting;1.000e-02;1.000e-02;1.000e-02
frozen;LATAM;2050;sulfidic tailings - roasting;1.000e-02;1.000e-02;1.000e-02
frozen;NAM;2020;sulfidic tailings - roasting;1.000e-02;1.000e-02;1.000e-02
frozen;NAM;2050;sulfidic tailings - roasting;1.000e-02;1.000e-02;1.000e-02
intervention;AFR;2020;sulfidic tailings - backfill;5.000e-02;5.000e-02;5.000e-02
intervention;AFR;2020;sulfidic tailings - flocculation;4.000e-02;4.000e-02;4.000e-02
intervention;AFR;2020;sulfidic tailings - impoundment;9.000e-01;9.000e-01;9.000e-01
intervention;AFR;2020;sulfidic tailings - roasting;1.000e-02;1.000e-02;1.000e-02
intervention;AFR;2050;sulfidic tailings - backfill;5.000e-02;1.000e-01;1.500e-01
intervention;AFR;2050;sulfidic tailings - flocculation;6.000e-02;8.667e-02;1.200e-01
intervention;AFR;2050;sulfidic tailings - impoundment;6.900e-01;7.900e-01;8.800e-01
intervention;AFR;2050;sulfidic tailings - roasting;1.000e-02;2.333e-02;4.000e-02
intervention;APAC;2020;sulfidic tailings - backfill;1.000e-01;1.000e-01;1.000e-01
intervention;APAC;2020;sulfidic tailings - flocculation;4.000e-02;4.000e-02;4.000e-02
intervention;APAC;2020;sulfidic tailings - impoundment;8.500e-01;8.500e-01;8.500e-01
intervention;APAC;2020;sulfidic tailings - roasting;1.000e-02;1.000e-02;1.000e-02
intervention;APAC;2050;sulfidic tailings - backfill;1.000e-01;2.000e-01;3.000e-01
intervention;APAC;2050;sulfidic tailings - flocculation;6.000e-02;8.667e-02;1.200e-01
intervention;APAC;2050;sulfidic tailings - impoundment;5.400e-01;6.900e-01;8.300e-01
intervention;APAC;2050;sulfidic tailings - roasting;1.000e-02;2.333e-02;4.000e-02
intervention;EUR;2020;sulfidic tailings - backfill;1.500e-01;1.500e-01;1.500e-01
intervention;EUR;2020;sulfidic tailings - flocculation;4.000e-02;4.000e-02;4.000e-02
intervention;EUR;2020;sulfidic tailings - impoundment;8.000e-01;8.000e-01;8.000e-01
intervention;EUR;2020;sulfidic tailings - roasting;1.000e-02;1.000e-02;1.000e-02
intervention;EUR;2050;sulfidic tailings - backfill;2.500e-01;3.500e-01;4.500e-01
intervention;EUR;2050;sulfidic tailings - flocculation;6.000e-02;8.667e-02;1.200e-01
intervention;EUR;2050;sulfidic tailings - impoundment;3.900e-01;5.400e-01;6.800e-01
intervention;EUR;2050;sulfidic tailings - roasting;1.000e-02;2.333e-02;4.000e-02
intervention;GLO;2020;sulfidic tailings - backfill;1.000e-01;1.000e-01;1.000e-01
intervention;GLO;2020;sulfidic tailings - flocculation;4.000e-02;4.000e-02;4.000e-02
intervention;GLO;2020;sulfidic tailings - impoundment;8.500e-01;8.500e-01;8.500e-01
intervention;GLO;2020;sulfidic tailings - roasting;1.000e-02;1.000e-02;1.000e-02
intervention;GLO;2050;sulfidic tailings - backfill;1.500e-01;2.500e-01;3.500e-01
intervention;GLO;2050;sulfidic tailings - flocculation;6.000e-02;8.667e-02;1.200e-01
intervention;GLO;2050;sulfidic tailings - impoundment;4.900e-01;6.400e-01;7.800e-01
intervention;GLO;2050;sulfidic tailings - roasting;1.000e-02;2.333e-02;4.000e-02
intervention;LATAM;2020;sulfidic tailings - backfill;5.000e-02;5.000e-02;5.000e-02
intervention;LATAM;2020;sulfidic tailings - flocculation;4.000e-02;4.000e-02;4.000e-02
intervention;LATAM;2020;sulfidic tailings - impoundment;9.000e-01;9.000e-01;9.000e-01
intervention;LATAM;2020;sulfidic tailings - roasting;1.000e-02;1.000e-02;1.000e-02
intervention;LATAM;2050;sulfidic tailings - backfill;1.500e-01;2.500e-01;3.500e-01
intervention;LATAM;2050;sulfidic tailings - flocculation;6.000e-02;8.667e-02;1.200e-01
intervention;LATAM;2050;sulfidic tailings - impoundment;4.900e-01;6.400e-01;7.800e-01
intervention;LATAM;2050;sulfidic tailings - roasting;1.000e-02;2.333e-02;4.000e-02
intervention;NAM;2020;sulfidic tailings - backfill;1.500e-01;1.500e-01;1.500e-01
intervention;NAM;2020;sulfidic tailings - flocculation;4.000e-02;4.000e-02;4.000e-02
intervention;NAM;2020;sulfidic tailings - impoundment;8.000e-01;8.000e-01;8.000e-01
intervention;NAM;2020;sulfidic tailings - roasting;1.000e-02;1.000e-02;1.000e-02
intervention;NAM;2050;sulfidic tailings - backfill;2.000e-01;3.000e-01;4.000e-01
intervention;NAM;2050;sulfidic tailings - flocculation;6.000e-02;8.667e-02;1.200e-01
intervention;NAM;2050;sulfidic tailings - impoundment;4.400e-01;5.900e-01;7.300e-01
intervention;NAM;2050;sulfidic tailings - roasting;1.000e-02;2.333e-02;4.000e-02
