metal,unit,year,mean,median,min,max,origin_var
Aluminium,kg metal/kg vehicle,2020,0.245611249491411,0.245611249491411,0.245611249491411,0.245611249491411,ICEV
Antimony,kg metal/kg vehicle,2020,0.0011690303918693,0.0011342081716923,0.000742882281875,0.00166016782,ICEV
Beryllium,kg metal/kg vehicle,2020,2.784205277350523e-06,3.263612307692308e-06,1.6208218750000005e-06,3.708775862068965e-06,ICEV
Cerium,kg metal/kg vehicle,2020,1.6019223880867696e-05,1.2509985e-05,1.55e-07,4.909090909090909e-05,ICEV
Cobalt,kg metal/kg vehicle,2020,0.0030385156110153,0.0035618020703448,0.0019480804406249,0.003736865530909,ICEV
Dysprosium,kg metal/kg vehicle,2020,2.088967812771998e-05,1.6636363636363637e-05,5.1875e-07,6.483e-05,ICEV
Erbium,kg metal/kg vehicle,2020,6.75e-08,9e-08,0.0,1.125e-07,ICEV
Europium,kg metal/kg vehicle,2020,7.22443181818182e-08,5.625000000000001e-09,5e-09,2.727272727272728e-07,ICEV
Gadolinium,kg metal/kg vehicle,2020,1.415110600330959e-05,1.626453e-05,5e-09,3.1386684848484855e-05,ICEV
Gallium,kg metal/kg vehicle,2020,1.508899311888094e-05,1.6343124776785715e-05,5e-08,3.26751324137931e-05,ICEV
Germanium,kg metal/kg vehicle,2020,1.5077938911443729e-05,1.8012576551724138e-05,9.5009875e-06,1.864444e-05,ICEV
Gold,kg metal/kg vehicle,2020,0.0001451855651858,0.0001371307255384,9.242975875e-05,0.0002100497510344,ICEV
Indium,kg metal/kg vehicle,2020,5.726814823567059e-06,6.463484716346154e-06,4e-08,1.3572060000000002e-05,ICEV
Lanthanum,kg metal/kg vehicle,2020,0.0033182038550359,0.0038274557231249,0.0,0.0073856121926153,ICEV
Lithium,kg metal/kg vehicle,2020,0.0004207903149148,4.0363758186813184e-05,6.800000000000001e-07,0.003128275,ICEV
Manganese,kg metal/kg vehicle,2020,0.0056068830691978,0.0056068830691978,0.0056068830691978,0.0056068830691978,ICEV
Molybdenum,kg metal/kg vehicle,2020,0.0004880611311479,0.0005573650427586,0.00031045779125,0.0006117581513846,ICEV
Neodymium,kg metal/kg vehicle,2020,0.000894000206922,0.0009751308831249,1.3800000000000002e-05,0.0020978915082758,ICEV
Niobium,kg metal/kg vehicle,2020,3.650818738370717e-05,3.8795396212121214e-05,1.946764875e-05,5.457e-05,ICEV
Palladium,kg metal/kg vehicle,2020,2.2128037657289077e-05,2.4852345e-05,6.2e-07,5.363619103448276e-05,ICEV
Platinum,kg metal/kg vehicle,2020,6.633635169779965e-06,7.231433035714286e-06,1.4153846153846157e-06,1.3312824242424244e-05,ICEV
Praseodymium,kg metal/kg vehicle,2020,2.51061660362031e-05,2.6118255625e-05,5.0625e-07,5.256531172413793e-05,ICEV
Rhenium,kg metal/kg vehicle,2020,2.572131376313342e-07,2.8484061538461533e-07,1.5528750000000002e-07,3.450006896551724e-07,ICEV
Rhodium,kg metal/kg vehicle,2020,5.416666666666668e-09,5e-09,5e-09,6.2500000000000005e-09,ICEV
Ruthenium,kg metal/kg vehicle,2020,2.886339945365267e-06,3.4426498461538462e-06,1.6943668750000005e-06,3.756720689655172e-06,ICEV
Rubidium,kg metal/kg vehicle,2020,4.342440897977597e-06,4.335985846153846e-06,2.549688125e-06,6.324755172413792e-06,ICEV
Samarium,kg metal/kg vehicle,2020,1.4997616709030111e-06,1.4595378571428571e-06,2.6875e-07,2.8249124137931035e-06,ICEV
Scandium,kg metal/kg vehicle,2020,6.818181818181819e-07,6.818181818181819e-07,6.818181818181819e-07,6.818181818181819e-07,ICEV
Silver,kg metal/kg vehicle,2020,0.0007672283541926,0.0008060301593846,0.000466443865625,0.0010753658096551,ICEV
Strontium,kg metal/kg vehicle,2020,0.0709353756414274,0.0826391555110344,0.0454959531893749,0.0873035916448484,ICEV
Tantalum,kg metal/kg vehicle,2020,0.000300993485791,0.0003331489888392,3.4950000000000004e-06,0.0007026949365517,ICEV
Tellurium,kg metal/kg vehicle,2020,1.306889303578318e-06,1.4493163076923074e-06,7.90149375e-07,1.747942068965517e-06,ICEV
Terbium,kg metal/kg vehicle,2020,3.7139942753804313e-06,3.441894285714286e-06,0.0,9.93e-06,ICEV
Tin,kg metal/kg vehicle,2020,0.0262091989263863,0.0250203190030769,0.0165581139,0.0378826072344827,ICEV
Tungsten,kg metal/kg vehicle,2020,1.522002756863022e-05,1.6388899692307694e-05,9.6448175e-06,2.008108965517241e-05,ICEV
Ytterbium,kg metal/kg vehicle,2020,4.525909090909091e-08,4.0518181818181815e-08,0.0,1.0000000000000001e-07,ICEV
Yttrium,kg metal/kg vehicle,2020,3.590235092857303e-05,4.526537625e-05,1e-08,8.741585575757575e-05,ICEV
Zirconium,kg metal/kg vehicle,2020,0.0009118477046889,0.0007863159999999,0.000644241115625,0.0012417878484848,ICEV
Aluminium,kg metal/kg motor,2020,0.2055108382829945,0.2252697267412005,0.1066027050436404,0.3632635778119498,EV
Boron,kg metal/kg motor,2020,0.0003860011812609,0.000379718036148,0.0003181818181818,0.0004663868345659,EV
Cerium,kg metal/kg motor,2020,0.0007755660377358,0.0007755660377358,5.849056603773585e-06,0.0015452830188679,EV
Cobalt,kg metal/kg motor,2020,0.0003860531732418,0.0004125214408233,4.716981132075473e-05,0.000672,EV
Dysprosium,kg metal/kg motor,2020,0.0021037341342711,0.0015094339622641,1.8867924528301888e-05,0.0067924528301886,EV
Erbium,kg metal/kg motor,2020,3.396226415094339e-06,3.396226415094339e-06,3.396226415094339e-06,3.396226415094339e-06,EV
Europium,kg metal/kg motor,2020,4.452830188679247e-06,4.452830188679246e-06,1.886792452830189e-07,8.716981132075473e-06,EV
Gadolinium,kg metal/kg motor,2020,3.3632075471698117e-06,3.3632075471698117e-06,1.886792452830189e-07,6.537735849056604e-06,EV
Gallium,kg metal/kg motor,2020,8.396411945214638e-06,8.207547169811321e-06,6.6626690652275305e-06,1.0754716981132076e-05,EV
Indium,kg metal/kg motor,2020,1.509433962264151e-06,1.509433962264151e-06,1.509433962264151e-06,1.509433962264151e-06,EV
Lanthanum,kg metal/kg motor,2020,0.0001392924528301,0.0001392924528301,0.000126037735849,0.0001525471698113,EV
Lithium,kg metal/kg motor,2020,0.1180481132075471,0.1180481132075471,0.1180481132075471,0.1180481132075471,EV
Manganese,kg metal/kg motor,2020,0.0109220105883548,0.0109220105883548,0.0109220105883548,0.0109220105883548,EV
Neodymium,kg metal/kg motor,2020,0.0054045033708898,0.0045306149643547,3.301886792452831e-05,0.0144622641509433,EV
Niobium,kg metal/kg motor,2020,0.0020592452830188,0.0020592452830188,0.0020592452830188,0.0020592452830188,EV
Palladium,kg metal/kg motor,2020,3.415094339622642e-05,3.415094339622642e-05,3.415094339622642e-05,3.415094339622642e-05,EV
Platinum,kg metal/kg motor,2020,0.0001039622641509,0.0001039622641509,0.0001039622641509,0.0001039622641509,EV
Praseodymium,kg metal/kg motor,2020,0.0006156482314043,0.0007995202878273,2.6066851046193066e-06,0.0011143054534108,EV
Rhodium,kg metal/kg motor,2020,1.886792452830189e-07,1.886792452830189e-07,1.886792452830189e-07,1.886792452830189e-07,EV
Samarium,kg metal/kg motor,2020,4.391509433962264e-05,4.391509433962264e-05,2.641509433962264e-05,6.141509433962264e-05,EV
Scandium,kg metal/kg motor,2020,1.9811320754716984e-05,1.9811320754716984e-05,1.9811320754716984e-05,1.9811320754716984e-05,EV
Tantalum,kg metal/kg motor,2020,0.0002043396226415,0.0002043396226415,0.0002043396226415,0.0002043396226415,EV
Terbium,kg metal/kg motor,2020,0.0001708257998891,0.0001548636855622,1.941509433962264e-08,0.000374716981132,EV
Ytterbium,kg metal/kg motor,2020,1.5252830188679246e-06,1.5252830188679246e-06,3.169811320754717e-08,3.018867924528302e-06,EV
Yttrium,kg metal/kg motor,2020,7.816037735849057e-06,7.816037735849057e-06,4.339622641509434e-06,1.1292452830188678e-05,EV
Dysprosium,kg metal/kg motor,2050,1.5732438527971837e-05,1.5732438527971837e-05,1.2596952527641783e-05,1.8867924528301888e-05,EV
Neodymium,kg metal/kg motor,2050,2.7567639729441088e-05,2.7567639729441088e-05,2.2116411534353863e-05,3.301886792452831e-05,EV
Aluminium,kg/MW,2020,780.0,780.0,500.0,1060.0,Wind-DDPM
Boron,kg/MW,2020,6.790625,6.9,6.0,7.3625,Wind-DDPM
Chromium,kg/MW,2020,475.765,409.28,239.0,845.5,Wind-DDPM
Copper,kg/MW,2020,4796.0,3850.0,1484.0,10000.0,Wind-DDPM
Dysprosium,kg/MW,2020,22.705069444444444,22.78,12.0,42.0,Wind-DDPM
Lead,kg/MW,2020,6720.0,6720.0,6720.0,6720.0,Wind-DDPM
Manganese,kg/MW,2020,423.25,423.25,56.5,790.0,Wind-DDPM
Molybdenum,kg/MW,2020,103.43833333333332,109.0,75.315,126.0,Wind-DDPM
Neodymium,kg/MW,2020,179.25361842105264,183.0,116.0,217.19375,Wind-DDPM
Nickel,kg/MW,2020,342.914,376.57,111.0,610.0,Wind-DDPM
Niobium,kg/MW,2020,37.657,37.657,37.657,37.657,Wind-DDPM
Praseodymium,kg/MW,2020,32.06071428571429,35.0,12.0,50.625,Wind-DDPM
Terbium,kg/MW,2020,4.666666666666667,6.08,0.54,7.0,Wind-DDPM
Vanadium,kg/MW,2020,45.189350000000005,45.189350000000005,0.0,90.3787,Wind-DDPM
Dysprosium,kg/MW,2050,9.25,9.25,6.5,12.0,Wind-DDPM
Neodymium,kg/MW,2050,97.0,97.0,78.0,116.0,Wind-DDPM
Aluminium,kg/MW,2020,1612.5,1500.0,1240.0,2210.0,Wind-Gearbox
Boron,kg/MW,2020,0.6,0.8,0.0,1.0,Wind-Gearbox
Chromium,kg/MW,2020,563.6,525.0,358.9,845.5,Wind-Gearbox
Dysprosium,kg/MW,2020,2.511111111111111,2.0,0.0,6.0,Wind-Gearbox
Manganese,kg/MW,2020,545.5,780.0,56.5,800.0,Wind-Gearbox
Molybdenum,kg/MW,2020,104.825,109.0,75.30000000000001,126.0,Wind-Gearbox
Neodymium,kg/MW,2020,18.95555555555556,12.0,0.0,51.0,Wind-Gearbox
Niobium,kg/MW,2020,37.7,37.7,37.7,37.7,Wind-Gearbox
Praseodymium,kg/MW,2020,3.66,4.0,0.0,9.0,Wind-Gearbox
Terbium,kg/MW,2020,0.525,0.55,0.0,1.0,Wind-Gearbox
Vanadium,kg/MW,2020,45.2,45.2,0.0,90.4,Wind-Gearbox
Zinc,kg/MW,2020,5483.333333333333,5500.0,5450.0,5500.0,Wind-Gearbox
Dysprosium,kg/MW,2050,1.2555555555555555,1.2555555555555555,0.0,2.511111111111111,Wind-Gearbox
Neodymium,kg/MW,2050,9.477777777777778,9.477777777777778,0.0,18.95555555555556,Wind-Gearbox
Aluminium,kg/MW,2020,2003.75,2003.75,7.5,4000.0,c-Si
Gallium,kg/MW,2020,9.0,9.0,9.0,9.0,c-Si
Lead,kg/MW,2020,138.10166666666666,72.38,5.925000000000001,336.0,c-Si
Nickel,kg/MW,2020,1.3,1.3,1.3,1.3,c-Si
Silver,kg/MW,2020,38.8394696969697,24.0,5.17,80.0,c-Si
Tin,kg/MW,2020,350.54,350.54,124.08,577.0,c-Si
Zinc,kg/MW,2020,16.735,16.735,16.735,16.735,c-Si
Silver,kg/MW,2050,3.085,3.085,1.0,5.17,c-Si
Aluminium,kg/MW,2020,16003.75,16003.75,7.5,32000.0,CdTe
Cadmium,kg/MW,2020,97.0151851851852,83.51,56.66666666666666,244.26,CdTe
Chromium,kg/MW,2020,61.0,61.0,61.0,61.0,CdTe
Indium,kg/MW,2020,13.116666666666667,15.5,7.95,15.9,CdTe
Lead,kg/MW,2020,7.8,7.8,7.8,7.8,CdTe
Molybdenum,kg/MW,2020,0.5,0.5,0.5,0.5,CdTe
Nickel,kg/MW,2020,15.59,15.59,15.59,15.59,CdTe
Silver,kg/MW,2020,80.0,80.0,80.0,80.0,CdTe
Tellurium,kg/MW,2020,94.61805555555554,91.84,17.0,242.87,CdTe
Tin,kg/MW,2020,52.63,52.63,21.4,83.86,CdTe
Cadmium,kg/MW,2050,31.433333333333334,31.433333333333334,6.2,56.66666666666666,CdTe
Indium,kg/MW,2050,3.975,3.975,0.0,7.95,CdTe
Tellurium,kg/MW,2050,12.0,12.0,7.0,17.0,CdTe
Aluminium,kg/MW,2020,7.5,7.5,7.5,7.5,CIGS
Cadmium,kg/MW,2020,89.07666666666667,1.3,0.93,265.0,CIGS
Gallium,kg/MW,2020,17.785666666666664,6.085,2.32,124.0,CIGS
Indium,kg/MW,2020,40.31138888888889,25.5,13.0,83.79,CIGS
Molybdenum,kg/MW,2020,72.89,72.89,36.78,109.0,CIGS
Selenium,kg/MW,2020,49.14575757575758,41.0,6.0,110.0,CIGS
Silver,kg/MW,2020,80.0,80.0,80.0,80.0,CIGS
Tin,kg/MW,2020,5.95,5.95,5.95,5.95,CIGS
Zinc,kg/MW,2020,75.495,75.495,29.99,121.0,CIGS
Cadmium,kg/MW,2050,0.465,0.465,0.0,0.93,CIGS
Gallium,kg/MW,2050,1.56,1.56,0.8,2.32,CIGS
Indium,kg/MW,2050,8.0,8.0,3.0,13.0,CIGS
Selenium,kg/MW,2050,6.0,6.0,6.0,6.0,CIGS
Aluminium,kg/MW,2020,54.75,54.75,7.5,102.0,a-Si
Boron,kg/MW,2020,0.0008,0.0008,0.0008,0.0008,a-Si
Chromium,kg/MW,2020,634.0,634.0,634.0,634.0,a-Si
Cadmium,kg/MW,2020,6.61,6.61,6.61,6.61,a-Si
Germanium,kg/MW,2020,62.833333333333336,65.16666666666667,48.0,73.0,a-Si
Indium,kg/MW,2020,5.752800000000001,5.32,0.714,13.41,a-Si
Molybdenum,kg/MW,2020,10.62,10.62,10.62,10.62,a-Si
Nickel,kg/MW,2020,334.0,334.0,334.0,334.0,a-Si
Tellurium,kg/MW,2020,7.5,7.5,7.5,7.5,a-Si
Tin,kg/MW,2020,83.87,103.08,5.32,143.21,a-Si
Indium,kg/MW,2050,0.357,0.357,0.0,0.714,a-Si
Germanium,kg/MW,2050,29.0,29.0,10.0,48.0,a-Si
Indium,kg/MW,2050,1.2176050152787866e-06,1.2176050152787866e-06,0.0,2.435210030557573e-06,perovskite
Aluminium,kg/MW,2020,740.0,740.0,740.0,740.0,Parabolic Trough - PB
Chromium,kg/MW,2020,2200.0,2200.0,2200.0,2200.0,Parabolic Trough - PB
Magnesium,kg/MW,2020,3000.0,3000.0,3000.0,3000.0,Parabolic Trough - PB
Manganese,kg/MW,2020,2000.0,2000.0,2000.0,2000.0,Parabolic Trough - PB
Molybdenum,kg/MW,2020,200.0,200.0,200.0,200.0,Parabolic Trough - PB
Nickel,kg/MW,2020,940.0,940.0,940.0,940.0,Parabolic Trough - PB
Niobium,kg/MW,2020,0.0,0.0,0.0,0.0,Parabolic Trough - PB
Silver,kg/MW,2020,25.491341463414635,24.85,6.405,40.355,Parabolic Trough - PB
Titanium,kg/MW,2020,25.0,25.0,25.0,25.0,Parabolic Trough - PB
Vanadium,kg/MW,2020,1.9,1.9,1.9,1.9,Parabolic Trough - PB
Zinc,kg/MW,2020,650.0,650.0,650.0,650.0,Parabolic Trough - PB
Aluminium,kg/MW,2020,33000.0,33000.0,33000.0,33000.0,CSP Tower - PB
Chromium,kg/MW,2020,3700.0,3700.0,3700.0,3700.0,CSP Tower - PB
Magnesium,kg/MW,2020,2600.0,2600.0,2600.0,2600.0,CSP Tower - PB
Manganese,kg/MW,2020,5700.0,5700.0,5700.0,5700.0,CSP Tower - PB
Molybdenum,kg/MW,2020,56.0,56.0,56.0,56.0,CSP Tower - PB
Nickel,kg/MW,2020,1800.0,1800.0,1800.0,1800.0,CSP Tower - PB
Niobium,kg/MW,2020,140.0,140.0,140.0,140.0,CSP Tower - PB
Silver,kg/MW,2020,37.12833333333334,26.5,16.0,120.19,CSP Tower - PB
Titanium,kg/MW,2020,0.0,0.0,0.0,0.0,CSP Tower - PB
Vanadium,kg/MW,2020,1.7,1.7,1.7,1.7,CSP Tower - PB
Zinc,kg/MW,2020,1400.0,1400.0,1400.0,1400.0,CSP Tower - PB
Aluminium,kg/MW,2020,165.0,165.0,130.0,200.0,Nuclear
Boron,kg/MW,2020,10.0,10.0,10.0,10.0,Nuclear
Brass,kg/MW,2020,40.0,40.0,40.0,40.0,Nuclear
Cadmium,kg/MW,2020,5.25,5.25,0.5,10.0,Nuclear
Chromium,kg/MW,2020,829.175,388.35,350.0,2190.0,Nuclear
Hafnium,kg/MW,2020,0.5,0.5,0.5,0.5,Nuclear
Indium,kg/MW,2020,5.8,5.800000000000001,1.6,10.0,Nuclear
Lead,kg/MW,2020,28.1,40.0,4.3,40.0,Nuclear
Manganese,kg/MW,2020,295.095,295.095,75.19,515.0,Nuclear
Molybdenum,kg/MW,2020,70.8,70.8,70.8,70.8,Nuclear
Nickel,kg/MW,2020,285.1666666666667,300.0,255.5,300.0,Nuclear
Niobium,kg/MW,2020,2.0,2.0,2.0,2.0,Nuclear
Silver,kg/MW,2020,9.15,9.15,8.3,10.0,Nuclear
Tin,kg/MW,2020,4.6,4.6,4.6,4.6,Nuclear
Tungsten,kg/MW,2020,5.0,5.0,5.0,5.0,Nuclear
Vanadium,kg/MW,2020,0.6,0.6,0.6,0.6,Nuclear
Yttrium,kg/MW,2020,0.5,0.5,0.5,0.5,Nuclear
Zirconium,kg/MW,2020,165.25,165.25,30.5,300.0,Nuclear
Chromium,kg/MW,2020,100.0,100.0,100.0,100.0,PEMFC
Platinum,kg/MW,2020,0.429900641025641,0.445,0.1063333333333333,0.923076923076923,PEMFC
Platinum,kg/MW,2050,0.1031666666666666,0.1031666666666666,0.1,0.1063333333333333,PEMFC
Aluminium,kg/MW,2020,25625.0,25625.0,1250.0,50000.0,SOFC - Y
Cerium,kg/MW,2020,26.5,26.5,2.0,51.0,SOFC - Y
Chromium,kg/MW,2020,8375.0,8375.0,1750.0,15000.0,SOFC - Y
Cobalt,kg/MW,2020,30.0,30.0,30.0,30.0,SOFC - Y
Gadolinium,kg/MW,2020,13.0,13.0,13.0,13.0,SOFC - Y
Lanthanum,kg/MW,2020,579.3333333333334,213.0,20.0,1505.0,SOFC - Y
Manganese,kg/MW,2020,505.0,505.0,505.0,505.0,SOFC - Y
Molybdenum,kg/MW,2020,0.0,0.0,0.0,0.0,SOFC - Y
Nickel,kg/MW,2020,3500.0,3500.0,3500.0,3500.0,SOFC - Y
Palladium,kg/MW,2020,0.0,0.0,0.0,0.0,SOFC - Y
Platinum,kg/MW,2020,0.0,0.0,0.0,0.0,SOFC - Y
Yttrium,kg/MW,2020,103.5,75.0,14.0,250.0,SOFC - Y
Zirconium,kg/MW,2020,975.0,975.0,400.0,1550.0,SOFC - Y
Zinc,kg/MW,2020,505.0,505.0,505.0,505.0,SOFC - Y
Cerium,kg/MW,2050,1.05,1.05,0.1,2.0,SOFC - Y
Cobalt,kg/MW,2050,16.5,16.5,3.0,30.0,SOFC - Y
Lanthanum,kg/MW,2050,11.575,11.575,3.15,20.0,SOFC - Y
Yttrium,kg/MW,2050,10.85,10.85,7.7,14.0,SOFC - Y
Aluminium,kg/MW,2020,1037.5,1037.5,1000.0,1075.0,PAFC
Chromium,kg/MW,2020,5000.0,5000.0,5000.0,5000.0,PAFC
Copper,kg/MW,2020,5500.0,5500.0,5500.0,5500.0,PAFC
Lanthanum,kg/MW,2020,5.55,5.55,0.0,11.1,PAFC
Manganese,kg/MW,2020,0.0,0.0,0.0,0.0,PAFC
Molybdenum,kg/MW,2020,20.0,20.0,20.0,20.0,PAFC
Nickel,kg/MW,2020,1700.0,1700.0,1700.0,1700.0,PAFC
Palladium,kg/MW,2020,0.5,0.5,0.5,0.5,PAFC
Platinum,kg/MW,2020,5.7495714285714286,5.0,4.285714285714287,7.963,PAFC
Yttrium,kg/MW,2020,0.0,0.0,0.0,0.0,PAFC
Zirconium,kg/MW,2020,0.0,0.0,0.0,0.0,PAFC
Zinc,kg/MW,2020,3419.2989678053573,3419.2989678053573,2300.0,4538.597935610715,PAFC
Iridium,kg/MW,2020,1.2238986330830393,0.7380174291938998,0.3399883229351349,4.166666666666667,PEMEL
Platinum,kg/MW,2020,0.3731889908384027,0.3046880795193235,0.0375,1.0416666666666667,PEMEL
Potassium,kg/MW,2020,139.39393939393938,139.39393939393938,139.39393939393938,139.39393939393938,PEMEL
Ruthenium,kg/MW,2020,0.4171298386604351,0.4171298386604351,0.4171298386604351,0.4171298386604351,PEMEL
Titanium,kg/MW,2020,340.6666666666667,414.0,80.0,528.0,PEMEL
Iridium,kg/MW,2050,0.1949941614675674,0.1949941614675674,0.05,0.3399883229351349,PEMEL
Platinum,kg/MW,2050,0.02375,0.02375,0.01,0.0375,PEMEL
Titanium,kg/MW,2050,37.0,37.0,30.0,50.0,PEMEL
Aluminium,kg/MW,2020,75.0,75.0,75.0,75.0,AEL
Cobalt,kg/MW,2020,6.7,6.7,4.5,8.9,AEL
Graphite,kg/MW,2020,71.66666666666667,71.66666666666667,71.66666666666667,71.66666666666667,AEL
Nickel,kg/MW,2020,2520.7916666666665,2458.25,2000.0,3166.6666666666665,AEL
Platinum,kg/MW,2020,1.3,1.3,1.3,1.3,AEL
Potassium,kg/MW,2020,334.33838383838383,420.0,159.6060606060606,423.4090909090909,AEL
Silver,kg/MW,2020,256.00775822891643,256.0077582289165,37.01551645783289,475.0,AEL
Zirconium,kg/MW,2020,271.4493236019486,271.4493236019486,271.4493236019486,271.4493236019486,AEL
Cerium,kg/MW,2020,183.23997806968148,183.23997806968148,183.23997806968148,183.23997806968148,HTEL - Yttrium
Cobalt,kg/MW,2020,5.90621307189398,5.90621307189398,5.90621307189398,5.90621307189398,HTEL - Yttrium
Lanthanum,kg/MW,2020,12.211095965972916,11.188780841764162,10.253119496345976,15.191387559808613,HTEL - Yttrium
Manganese,kg/MW,2020,5.680399007058113,5.068971816116322,0.9489115239769756,11.02331368108104,HTEL - Yttrium
Nickel,kg/MW,2020,291.35488681415865,314.857335943501,95.49671013680404,463.7106143621709,HTEL - Yttrium
Praseodimium,kg/MW,2020,8.784195511365075,8.784195511365075,8.784195511365075,8.784195511365075,HTEL - Yttrium
Strontium,kg/MW,2020,2.7379738755992453,2.3963317384370018,1.6168879639330158,4.200701924427719,HTEL - Yttrium
Yttrium,kg/MW,2020,50.87560451555527,65.99709858427829,11.56334492168543,75.06637004070207,HTEL - Yttrium
Zirconium,kg/MW,2020,242.9872300030277,271.39064718594386,68.22288767871892,389.3481551444202,HTEL - Yttrium
Yttrium,kg/MW,2050,6.016672460842715,6.016672460842715,0.47,11.56334492168543,HTEL - Yttrium
Aluminium,kg/MW,2050,37.5,37.5,37.5,37.5,AEL
Cobalt,kg/MW,2050,3.35,3.35,2.25,4.45,AEL
Graphite,kg/MW,2050,35.833333333333336,35.833333333333336,35.833333333333336,35.833333333333336,AEL
Nickel,kg/MW,2050,1260.3958333333333,1229.125,1000.0,1583.3333333333333,AEL
Platinum,kg/MW,2050,0.14300000000000002,0.14300000000000002,0.14300000000000002,0.14300000000000002,AEL
Potassium,kg/MW,2050,167.16919191919192,210.0,79.8030303030303,211.70454545454544,AEL
Silver,kg/MW,2050,128.00387911445821,128.00387911445824,18.507758228916444,237.5,AEL
Zirconium,kg/MW,2050,135.7246618009743,135.7246618009743,135.7246618009743,135.7246618009743,AEL
Aluminium,kg/MW,2050,3.75,3.75,3.75,3.75,CIGS
Molybdenum,kg/MW,2050,36.445,36.445,18.39,54.5,CIGS
Silver,kg/MW,2050,9.6,9.6,9.6,9.6,CIGS
Tin,kg/MW,2050,2.975,2.975,2.975,2.975,CIGS
Zinc,kg/MW,2050,37.7475,37.7475,14.995,60.5,CIGS
Aluminium,kg/MW,2050,16500.0,16500.0,16500.0,16500.0,CSP Tower - PB
Chromium,kg/MW,2050,1850.0,1850.0,1850.0,1850.0,CSP Tower - PB
Magnesium,kg/MW,2050,1300.0,1300.0,1300.0,1300.0,CSP Tower - PB
Manganese,kg/MW,2050,2850.0,2850.0,2850.0,2850.0,CSP Tower - PB
Molybdenum,kg/MW,2050,28.0,28.0,28.0,28.0,CSP Tower - PB
Nickel,kg/MW,2050,900.0,900.0,900.0,900.0,CSP Tower - PB
Niobium,kg/MW,2050,70.0,70.0,70.0,70.0,CSP Tower - PB
Silver,kg/MW,2050,18.56416666666667,13.25,8.0,60.095,CSP Tower - PB
Titanium,kg/MW,2050,0.0,0.0,0.0,0.0,CSP Tower - PB
Vanadium,kg/MW,2050,0.85,0.85,0.85,0.85,CSP Tower - PB
Zinc,kg/MW,2050,700.0,700.0,700.0,700.0,CSP Tower - PB
Aluminium,kg/MW,2050,8001.875,8001.875,3.75,16000.0,CdTe
Chromium,kg/MW,2050,30.5,30.5,30.5,30.5,CdTe
Lead,kg/MW,2050,3.9,3.9,3.9,3.9,CdTe
Molybdenum,kg/MW,2050,0.25,0.25,0.25,0.25,CdTe
Nickel,kg/MW,2050,7.795,7.795,7.795,7.795,CdTe
Silver,kg/MW,2050,9.6,9.6,9.6,9.6,CdTe
Tin,kg/MW,2050,26.315,26.315,10.7,41.93,CdTe
Aluminium,kg metal/kg motor,2050,0.10275541914149725,0.11263486337060025,0.0533013525218202,0.1816317889059749,EV
Boron,kg metal/kg motor,2050,0.00019300059063045,0.000189859018074,0.0001590909090909,0.00023319341728295,EV
Cerium,kg metal/kg motor,2050,0.0003877830188679,0.0003877830188679,2.9245283018867924e-06,0.00077264150943395,EV
Cobalt,kg metal/kg motor,2050,0.0001930265866209,0.00020626072041165,2.3584905660377364e-05,0.000336,EV
Erbium,kg metal/kg motor,2050,1.6981132075471696e-06,1.6981132075471696e-06,1.6981132075471696e-06,1.6981132075471696e-06,EV
Europium,kg metal/kg motor,2050,2.2264150943396237e-06,2.226415094339623e-06,9.433962264150944e-08,4.358490566037737e-06,EV
Gadolinium,kg metal/kg motor,2050,1.6816037735849058e-06,1.6816037735849058e-06,9.433962264150944e-08,3.268867924528302e-06,EV
Gallium,kg metal/kg motor,2050,4.198205972607319e-06,4.103773584905661e-06,3.3313345326137653e-06,5.377358490566038e-06,EV
Indium,kg metal/kg motor,2050,7.547169811320755e-07,7.547169811320755e-07,7.547169811320755e-07,7.547169811320755e-07,EV
Lanthanum,kg metal/kg motor,2050,6.964622641505e-05,6.964622641505e-05,6.30188679245e-05,7.627358490565e-05,EV
Lithium,kg metal/kg motor,2050,0.05902405660377355,0.05902405660377355,0.05902405660377355,0.05902405660377355,EV
Manganese,kg metal/kg motor,2050,0.0054610052941774,0.0054610052941774,0.0054610052941774,0.0054610052941774,EV
Niobium,kg metal/kg motor,2050,0.0010296226415094,0.0010296226415094,0.0010296226415094,0.0010296226415094,EV
Palladium,kg metal/kg motor,2050,1.707547169811321e-05,1.707547169811321e-05,1.707547169811321e-05,1.707547169811321e-05,EV
Platinum,kg metal/kg motor,2050,5.198113207545e-05,5.198113207545e-05,5.198113207545e-05,5.198113207545e-05,EV
Praseodymium,kg metal/kg motor,2050,0.00010527584757013532,0.00013671796921846833,4.4574315288990146e-07,0.0001905462325332468,EV
Rhodium,kg metal/kg motor,2050,9.433962264150944e-08,9.433962264150944e-08,9.433962264150944e-08,9.433962264150944e-08,EV
Samarium,kg metal/kg motor,2050,2.195754716981132e-05,2.195754716981132e-05,1.320754716981132e-05,3.070754716981132e-05,EV
Scandium,kg metal/kg motor,2050,9.905660377358492e-06,9.905660377358492e-06,9.905660377358492e-06,9.905660377358492e-06,EV
Tantalum,kg metal/kg motor,2050,0.00010216981132075,0.00010216981132075,0.00010216981132075,0.00010216981132075,EV
Terbium,kg metal/kg motor,2050,8.541289994455e-05,7.74318427811e-05,9.70754716981132e-09,0.000187358490566,EV
Ytterbium,kg metal/kg motor,2050,7.626415094339623e-07,7.626415094339623e-07,1.5849056603773585e-08,1.509433962264151e-06,EV
Yttrium,kg metal/kg motor,2050,3.9080188679245285e-06,3.9080188679245285e-06,2.169811320754717e-06,5.646226415094339e-06,EV
Cerium,kg/MW,2050,7.3295991227872594,7.3295991227872594,7.3295991227872594,7.3295991227872594,HTEL - Yttrium
Cobalt,kg/MW,2050,3.2484171895416893,3.2484171895416893,3.2484171895416893,3.2484171895416893,HTEL - Yttrium
Lanthanum,kg/MW,2050,6.716102781285104,6.15382946297029,5.639215722990287,8.355263157894738,HTEL - Yttrium
Manganese,kg/MW,2050,2.8401995035290564,2.534485908058161,0.4744557619884878,5.51165684054052,HTEL - Yttrium
Nickel,kg/MW,2050,145.67744340707932,157.4286679717505,47.74835506840202,231.85530718108544,HTEL - Yttrium
Praseodimium,kg/MW,2050,4.392097755682538,4.392097755682538,4.392097755682538,4.392097755682538,HTEL - Yttrium
Strontium,kg/MW,2050,1.505885631579585,1.317982456140351,0.8892883801631588,2.3103860584352454,HTEL - Yttrium
Zirconium,kg/MW,2050,51.02731830063581,56.99203590904821,14.326806412530972,81.76311258032824,HTEL - Yttrium
Aluminium,kg metal/kg vehicle,2050,0.1228056247457055,0.1228056247457055,0.1228056247457055,0.1228056247457055,ICEV
Antimony,kg metal/kg vehicle,2050,0.00058451519593465,0.00056710408584615,0.0003714411409375,0.00083008391,ICEV
Beryllium,kg metal/kg vehicle,2050,1.3921026386752615e-06,1.631806153846154e-06,8.104109375000002e-07,1.8543879310344824e-06,ICEV
Cerium,kg metal/kg vehicle,2050,8.009611940433848e-06,6.2549925e-06,7.75e-08,2.4545454545454545e-05,ICEV
Cobalt,kg metal/kg vehicle,2050,0.00151925780550765,0.0017809010351724,0.00097404022031245,0.0018684327654545,ICEV
Dysprosium,kg metal/kg vehicle,2050,8.56476803236519e-06,6.820909090909091e-06,2.126875e-07,2.65803e-05,ICEV
Erbium,kg metal/kg vehicle,2050,3.375e-08,4.5e-08,0.0,5.625e-08,ICEV
Europium,kg metal/kg vehicle,2050,3.61221590909091e-08,2.8125000000000004e-09,2.5e-09,1.363636363636364e-07,ICEV
Gadolinium,kg metal/kg vehicle,2050,7.075553001654795e-06,8.132265e-06,2.5e-09,1.5693342424242428e-05,ICEV
Gallium,kg metal/kg vehicle,2050,7.54449655944047e-06,8.171562388392857e-06,2.5e-08,1.633756620689655e-05,ICEV
Germanium,kg metal/kg vehicle,2050,7.538969455721864e-06,9.006288275862069e-06,4.75049375e-06,9.32222e-06,ICEV
Gold,kg metal/kg vehicle,2050,7.25927825929e-05,6.85653627692e-05,4.6214879375e-05,0.0001050248755172,ICEV
Indium,kg metal/kg vehicle,2050,2.8634074117835295e-06,3.231742358173077e-06,2e-08,6.786030000000001e-06,ICEV
Lanthanum,kg metal/kg vehicle,2050,0.00165910192751795,0.00191372786156245,0.0,0.00369280609630765,ICEV
Lithium,kg metal/kg vehicle,2050,0.0002103951574574,2.0181879093406592e-05,3.4000000000000003e-07,0.0015641375,ICEV
Manganese,kg metal/kg vehicle,2050,0.0028034415345989,0.0028034415345989,0.0028034415345989,0.0028034415345989,ICEV
Molybdenum,kg metal/kg vehicle,2050,0.00024403056557395,0.0002786825213793,0.000155228895625,0.0003058790756923,ICEV
Neodymium,kg metal/kg vehicle,2050,0.00047382010966866,0.000516819368056197,7.3140000000000015e-06,0.0011118824993861741,ICEV
Niobium,kg metal/kg vehicle,2050,1.8254093691853583e-05,1.9397698106060607e-05,9.733824375e-06,2.7285e-05,ICEV
Palladium,kg metal/kg vehicle,2050,1.1064018828644538e-05,1.24261725e-05,3.1e-07,2.681809551724138e-05,ICEV
Platinum,kg metal/kg vehicle,2050,3.3168175848899826e-06,3.615716517857143e-06,7.076923076923078e-07,6.656412121212122e-06,ICEV
Praseodymium,kg metal/kg vehicle,2050,1.255308301810155e-05,1.30591278125e-05,2.53125e-07,2.6282655862068966e-05,ICEV
Rhenium,kg metal/kg vehicle,2050,1.286065688156671e-07,1.4242030769230766e-07,7.764375000000001e-08,1.725003448275862e-07,ICEV
Rhodium,kg metal/kg vehicle,2050,2.708333333333334e-09,2.5e-09,2.5e-09,3.1250000000000003e-09,ICEV
Rubidium,kg metal/kg vehicle,2050,2.1712204489887984e-06,2.167992923076923e-06,1.2748440625e-06,3.162377586206896e-06,ICEV
Ruthenium,kg metal/kg vehicle,2050,1.4431699726826335e-06,1.7213249230769231e-06,8.471834375000002e-07,1.878360344827586e-06,ICEV
Samarium,kg metal/kg vehicle,2050,7.498808354515056e-07,7.297689285714286e-07,1.34375e-07,1.4124562068965517e-06,ICEV
Scandium,kg metal/kg vehicle,2050,3.4090909090909096e-07,3.4090909090909096e-07,3.4090909090909096e-07,3.4090909090909096e-07,ICEV
Silver,kg metal/kg vehicle,2050,0.0003836141770963,0.0004030150796923,0.0002332219328125,0.00053768290482755,ICEV
Strontium,kg metal/kg vehicle,2050,0.0354676878207137,0.0413195777555172,0.02274797659468745,0.0436517958224242,ICEV
Tantalum,kg metal/kg vehicle,2050,0.0001504967428955,0.0001665744944196,1.7475000000000002e-06,0.00035134746827585,ICEV
Tellurium,kg metal/kg vehicle,2050,6.53444651789159e-07,7.246581538461537e-07,3.950746875e-07,8.739710344827585e-07,ICEV
Terbium,kg metal/kg vehicle,2050,1.8569971376902157e-06,1.720947142857143e-06,0.0,4.965e-06,ICEV
Tin,kg metal/kg vehicle,2050,0.01310459946319315,0.01251015950153845,0.00827905695,0.01894130361724135,ICEV
Tungsten,kg metal/kg vehicle,2050,7.61001378431511e-06,8.194449846153847e-06,4.82240875e-06,1.0040544827586204e-05,ICEV
Ytterbium,kg metal/kg vehicle,2050,2.2629545454545456e-08,2.0259090909090907e-08,0.0,5.0000000000000004e-08,ICEV
Yttrium,kg metal/kg vehicle,2050,1.7951175464286514e-05,2.2632688125e-05,5e-09,4.3707927878787876e-05,ICEV
Zirconium,kg metal/kg vehicle,2050,0.00045592385234445,0.00039315799999995,0.0003221205578125,0.0006208939242424,ICEV
Aluminium,kg/MW,2050,82.5,82.5,65.0,100.0,Nuclear
Boron,kg/MW,2050,5.0,5.0,5.0,5.0,Nuclear
Brass,kg/MW,2050,20.0,20.0,20.0,20.0,Nuclear
Cadmium,kg/MW,2050,2.625,2.625,0.25,5.0,Nuclear
Chromium,kg/MW,2050,414.5875,194.175,175.0,1095.0,Nuclear
Hafnium,kg/MW,2050,0.25,0.25,0.25,0.25,Nuclear
Indium,kg/MW,2050,2.9,2.9000000000000004,0.8,5.0,Nuclear
Lead,kg/MW,2050,14.05,20.0,2.15,20.0,Nuclear
Manganese,kg/MW,2050,147.5475,147.5475,37.595,257.5,Nuclear
Molybdenum,kg/MW,2050,35.4,35.4,35.4,35.4,Nuclear
Nickel,kg/MW,2050,142.58333333333334,150.0,127.75,150.0,Nuclear
Niobium,kg/MW,2050,1.0,1.0,1.0,1.0,Nuclear
Silver,kg/MW,2050,4.575,4.575,4.15,5.0,Nuclear
Tin,kg/MW,2050,2.3,2.3,2.3,2.3,Nuclear
Tungsten,kg/MW,2050,2.5,2.5,2.5,2.5,Nuclear
Vanadium,kg/MW,2050,0.3,0.3,0.3,0.3,Nuclear
Yttrium,kg/MW,2050,0.25,0.25,0.25,0.25,Nuclear
Zirconium,kg/MW,2050,82.625,82.625,15.25,150.0,Nuclear
Aluminium,kg/MW,2050,518.75,518.75,500.0,537.5,PAFC
Chromium,kg/MW,2050,2500.0,2500.0,2500.0,2500.0,PAFC
Copper,kg/MW,2050,2750.0,2750.0,2750.0,2750.0,PAFC
Lanthanum,kg/MW,2050,0.33299999999999996,0.33299999999999996,0.0,0.6659999999999999,PAFC
Manganese,kg/MW,2050,0.0,0.0,0.0,0.0,PAFC
Molybdenum,kg/MW,2050,10.0,10.0,10.0,10.0,PAFC
Nickel,kg/MW,2050,850.0,850.0,850.0,850.0,PAFC
Palladium,kg/MW,2050,0.25,0.25,0.25,0.25,PAFC
Platinum,kg/MW,2050,2.184837142857143,1.9,1.6285714285714292,3.02594,PAFC
Yttrium,kg/MW,2050,0.0,0.0,0.0,0.0,PAFC
Zinc,kg/MW,2050,1709.6494839026786,1709.6494839026786,1150.0,2269.2989678053573,PAFC
Zirconium,kg/MW,2050,0.0,0.0,0.0,0.0,PAFC
Potassium,kg/MW,2050,69.69696969696969,69.69696969696969,69.69696969696969,69.69696969696969,PEMEL
Ruthenium,kg/MW,2050,0.20856491933021756,0.20856491933021756,0.20856491933021756,0.20856491933021756,PEMEL
Chromium,kg/MW,2050,50.0,50.0,50.0,50.0,PEMFC
Aluminium,kg/MW,2050,370.0,370.0,370.0,370.0,Parabolic Trough - PB
Chromium,kg/MW,2050,1100.0,1100.0,1100.0,1100.0,Parabolic Trough - PB
Magnesium,kg/MW,2050,1500.0,1500.0,1500.0,1500.0,Parabolic Trough - PB
Manganese,kg/MW,2050,1000.0,1000.0,1000.0,1000.0,Parabolic Trough - PB
Molybdenum,kg/MW,2050,100.0,100.0,100.0,100.0,Parabolic Trough - PB
Nickel,kg/MW,2050,470.0,470.0,470.0,470.0,Parabolic Trough - PB
Niobium,kg/MW,2050,0.0,0.0,0.0,0.0,Parabolic Trough - PB
Silver,kg/MW,2050,12.745670731707317,12.425,3.2025,20.1775,Parabolic Trough - PB
Titanium,kg/MW,2050,12.5,12.5,12.5,12.5,Parabolic Trough - PB
Vanadium,kg/MW,2050,0.95,0.95,0.95,0.95,Parabolic Trough - PB
Zinc,kg/MW,2050,325.0,325.0,325.0,325.0,Parabolic Trough - PB
Aluminium,kg/MW,2050,12812.5,12812.5,625.0,25000.0,SOFC - Y
Chromium,kg/MW,2050,4187.5,4187.5,875.0,7500.0,SOFC - Y
Gadolinium,kg/MW,2050,6.5,6.5,6.5,6.5,SOFC - Y
Manganese,kg/MW,2050,30.299999999999997,30.299999999999997,30.299999999999997,30.299999999999997,SOFC - Y
Molybdenum,kg/MW,2050,0.0,0.0,0.0,0.0,SOFC - Y
Nickel,kg/MW,2050,1750.0,1750.0,1750.0,1750.0,SOFC - Y
Palladium,kg/MW,2050,0.0,0.0,0.0,0.0,SOFC - Y
Platinum,kg/MW,2050,0.0,0.0,0.0,0.0,SOFC - Y
Zinc,kg/MW,2050,252.5,252.5,252.5,252.5,SOFC - Y
Zirconium,kg/MW,2050,204.75,204.75,84.0,325.5,SOFC - Y
Aluminium,kg/MW,2050,390.0,390.0,250.0,530.0,Wind-DDPM
Boron,kg/MW,2050,3.3953125,3.45,3.0,3.68125,Wind-DDPM
Chromium,kg/MW,2050,237.8825,204.64,119.5,422.75,Wind-DDPM
Copper,kg/MW,2050,2398.0,1925.0,742.0,5000.0,Wind-DDPM
Lead,kg/MW,2050,3360.0,3360.0,3360.0,3360.0,Wind-DDPM
Manganese,kg/MW,2050,211.625,211.625,28.25,395.0,Wind-DDPM
Molybdenum,kg/MW,2050,51.71916666666666,54.5,37.6575,63.0,Wind-DDPM
Nickel,kg/MW,2050,171.457,188.285,55.5,305.0,Wind-DDPM
Niobium,kg/MW,2050,18.8285,18.8285,18.8285,18.8285,Wind-DDPM
Praseodymium,kg/MW,2050,15.709750000000001,17.15,5.88,24.80625,Wind-DDPM
Terbium,kg/MW,2050,2.3333333333333335,3.04,0.27,3.5,Wind-DDPM
Vanadium,kg/MW,2050,22.594675000000002,22.594675000000002,0.0,45.18935,Wind-DDPM
Aluminium,kg/MW,2050,806.25,750.0,620.0,1105.0,Wind-Gearbox
Boron,kg/MW,2050,0.3,0.4,0.0,0.5,Wind-Gearbox
Chromium,kg/MW,2050,281.8,262.5,179.45,422.75,Wind-Gearbox
Manganese,kg/MW,2050,272.75,390.0,28.25,400.0,Wind-Gearbox
Molybdenum,kg/MW,2050,52.4125,54.5,37.650000000000006,63.0,Wind-Gearbox
Niobium,kg/MW,2050,18.85,18.85,18.85,18.85,Wind-Gearbox
Praseodymium,kg/MW,2050,1.9032000000000002,2.08,0.0,4.68,Wind-Gearbox
Terbium,kg/MW,2050,0.2625,0.275,0.0,0.5,Wind-Gearbox
Vanadium,kg/MW,2050,22.6,22.6,0.0,45.2,Wind-Gearbox
Zinc,kg/MW,2050,2741.6666666666665,2750.0,2725.0,2750.0,Wind-Gearbox
Aluminium,kg/MW,2050,27.375,27.375,3.75,51.0,a-Si
Boron,kg/MW,2050,0.0004,0.0004,0.0004,0.0004,a-Si
Cadmium,kg/MW,2050,1.1898,1.1898,1.1898,1.1898,a-Si
Chromium,kg/MW,2050,317.0,317.0,317.0,317.0,a-Si
Molybdenum,kg/MW,2050,5.31,5.31,5.31,5.31,a-Si
Nickel,kg/MW,2050,167.0,167.0,167.0,167.0,a-Si
Tellurium,kg/MW,2050,1.3499999999999999,1.3499999999999999,1.3499999999999999,1.3499999999999999,a-Si
Tin,kg/MW,2050,41.935,51.54,2.66,71.605,a-Si
Aluminium,kg/MW,2050,1001.875,1001.875,3.75,2000.0,c-Si
Gallium,kg/MW,2050,1.6199999999999999,1.6199999999999999,1.6199999999999999,1.6199999999999999,c-Si
Lead,kg/MW,2050,69.05083333333333,36.19,2.9625000000000004,168.0,c-Si
Nickel,kg/MW,2050,0.65,0.65,0.65,0.65,c-Si
Tin,kg/MW,2050,175.27,175.27,62.04,288.5,c-Si
Zinc,kg/MW,2050,8.3675,8.3675,8.3675,8.3675,c-Si
